<?xml version="1.0" encoding="UTF-8" standalone="no"?>
<?xml-stylesheet type="text/css" href="celler.css"?>
<celler xmlns:xsi="http://www.w3.org/2001/XMLSchema-instance" xsi:noNamespaceSchemaLocation="celler.xsd">
<productes>
<producte codi="B1" preu="1.50">Vi blanc botella d'1 litre</producte>
<producte codi="B2" preu="2.50">Vi blanc botella de 2 litres</producte>
<producte codi="B3" preu="3.50">Vi blanc garrafa de 3 litres</producte>
<producte codi="B5" preu="5.50">Vi blanc garrafa de 5 litres</producte>
<producte codi="N1" preu="1.50">Vi negre botella d'1 litre</producte>
<producte codi="N2" preu="2.50">Vi negre botella de 2 litres</producte>
<producte codi="N3" preu="3.50">Vi negre garrafa de 3 litres</producte>
<producte codi="N5" preu="5.50">Vi negre garrafa de 5 litres</producte>
<producte codi="R1" preu="1.50">Vi rosat botella d'1 litre</producte>
<producte codi="R2" preu="2.50">Vi rosat botella de 2 litres</producte>
<producte codi="R3" preu="3.50">Vi rosat garrafa de 3 litres</producte>
<producte codi="R5" preu="5.50">Vi rosat garrafa de 5 litres</producte>
</productes>
<clients>
<client codi="C00001">
<nom>Rey Gallego, Victoriano Ali</nom>
<telefon>762 047 568</telefon>
<telefon>850 476 646</telefon>
</client>
<client codi="C00002">
<nom>Heredia Beltran, Mustapha</nom>
<telefon>687 211 518</telefon>
</client>
<client codi="C00003">
<nom>Avila Escudero, Alicia Elisa</nom>
<telefon>770 749 421</telefon>
</client>
<client codi="C00004">
<nom>Moreno Valero, Aida Lola</nom>
<telefon>765 687 138</telefon>
<telefon>724 783 974</telefon>
</client>
<client codi="C00005">
<nom>Simon Bernal, Yaiza Francisca</nom>
<telefon>649 128 450</telefon>
<telefon>769 299 753</telefon>
</client>
<client codi="C00006">
<nom>Ferrer Contreras, Josefina Remedios</nom>
<telefon>659 711 694</telefon>
</client>
<client codi="C00007">
<nom>Romero Montero, Juana Berta</nom>
<telefon>699 621 533</telefon>
<telefon>920 291 835</telefon>
</client>
<client codi="C00008">
<nom>Franco Sanz, Lucas Alex</nom>
<telefon>775 342 874</telefon>
</client>
<client codi="C00009">
<nom>Mesa Carrasco, Roman</nom>
<telefon>741 410 004</telefon>
<telefon>612 341 890</telefon>
</client>
<client codi="C00010">
<nom>Estevez Alonso, Emilio Jose</nom>
<telefon>620 143 553</telefon>
</client>
</clients>
<factures>
<factura codi="F000001">
<comprador codi="C00008"/>
<unitats codi="B1">1</unitats>
<unitats codi="N1">2</unitats>
<unitats codi="N2">4</unitats>
<unitats codi="R2">1</unitats>
<unitats codi="R5">1</unitats>
</factura>
<factura codi="F000002">
<comprador codi="C00007"/>
<unitats codi="B2">5</unitats>
<unitats codi="N1">4</unitats>
<unitats codi="N3">1</unitats>
<unitats codi="R1">1</unitats>
<unitats codi="R3">3</unitats>
</factura>
<factura codi="F000003">
<comprador codi="C00001"/>
<unitats codi="B1">2</unitats>
<unitats codi="B3">2</unitats>
<unitats codi="B5">5</unitats>
<unitats codi="N3">2</unitats>
<unitats codi="R1">2</unitats>
<unitats codi="R2">1</unitats>
</factura>
<factura codi="F000004">
<comprador codi="C00002"/>
<unitats codi="B2">3</unitats>
<unitats codi="N2">2</unitats>
<unitats codi="N3">5</unitats>
<unitats codi="N5">2</unitats>
<unitats codi="R2">4</unitats>
</factura>
<factura codi="F000005">
<comprador codi="C00005"/>
<unitats codi="B1">4</unitats>
<unitats codi="N2">4</unitats>
<unitats codi="N3">5</unitats>
<unitats codi="R5">1</unitats>
</factura>
<factura codi="F000006">
<comprador codi="C00010"/>
<unitats codi="B1">4</unitats>
<unitats codi="R1">4</unitats>
<unitats codi="R2">4</unitats>
<unitats codi="R5">2</unitats>
</factura>
<factura codi="F000007">
<comprador codi="C00005"/>
<unitats codi="B5">3</unitats>
<unitats codi="N3">4</unitats>
<unitats codi="N5">2</unitats>
<unitats codi="R2">1</unitats>
</factura>
<factura codi="F000008">
<comprador codi="C00002"/>
<unitats codi="B1">4</unitats>
<unitats codi="N1">3</unitats>
<unitats codi="N3">5</unitats>
<unitats codi="N5">3</unitats>
<unitats codi="R3">3</unitats>
<unitats codi="R5">5</unitats>
</factura>
<factura codi="F000009">
<comprador codi="C00003"/>
<unitats codi="B1">5</unitats>
<unitats codi="B3">1</unitats>
<unitats codi="N2">2</unitats>
<unitats codi="N3">1</unitats>
<unitats codi="N5">5</unitats>
<unitats codi="R1">3</unitats>
<unitats codi="R2">5</unitats>
<unitats codi="R3">3</unitats>
</factura>
<factura codi="F000010">
<comprador codi="C00010"/>
<unitats codi="B1">3</unitats>
<unitats codi="B2">3</unitats>
<unitats codi="N2">3</unitats>
<unitats codi="N5">5</unitats>
<unitats codi="R1">4</unitats>
<unitats codi="R3">2</unitats>
<unitats codi="R5">2</unitats>
</factura>
</factures>
</celler>
